Name,Slug
Administrative Operations,administrative-operations
Administrative Support,administrative-support
Auto,auto
Auto & Home Insurance,auto-&-home-insurance
Auto Insurance,auto-insurance
Ca,ca
Calendar Management,calendar-management
Casualty,casualty
Client Relations,client-relations
Client Support,client-support
Commercial,commercial
Commercial & General Liability Insurance,commercial-&-general-liability-insurance
Commercial Building & Liability,commercial-building-&-liability
Commercial Home,commercial-home
Commercial Insurance,commercial-insurance
Commercial Line Insurance,commercial-line-insurance
Commercial Lines,commercial-lines
Commercial Lines Insurance,commercial-lines-insurance
Compliance,compliance
Compliance Review,compliance-review
Condo,condo
Earthquake,earthquake
Email Management,email-management
Executive Assistant,executive-assistant
General Liability,general-liability
General Liability & Commercial Insurance,general-liability-&-commercial-insurance
Georgia,georgia
Graphic Design,graphic-design
Health,health
Health Insurance,health-insurance
Healthcare Insurance,healthcare-insurance
Home,home
Home & Auto Insurance,home-&-auto-insurance
Home & Umbrella Insurance,home-&-umbrella-insurance
Home Insurance,home-insurance
Homeowners,homeowners
Homeowners Insurance,homeowners-insurance
Iowa,iowa
Key Account Management,key-account-management
Life,life
Life & Health Insurance,life-&-health-insurance
Life Insurance,life-insurance
Loan Processing,loan-processing
Loan Underwriting,loan-underwriting
Ma,ma
Marketing,marketing
Medical Admin Hipaa Compliant,medical-admin-hipaa-compliant
Mortgage Operations,mortgage-operations
Mortgage Processing,mortgage-processing
Motor Truck Cargo,motor-truck-cargo
Motorcycle Insurance,motorcycle-insurance
Personal,personal
Personal Lines,personal-lines
Personal Lines Insurance,personal-lines-insurance
Process Improvement,process-improvement
Project Coordination,project-coordination
Project Management,project-management
Property,property
Property & Casualty,property-&-casualty
Property & Casualty Insurance,property-&-casualty-insurance
Property Lines,property-lines
Real Estate,real-estate
Renters,renters
Renters Insurance,renters-insurance
Scheduling,scheduling
Secondary Homes,secondary-homes
State License   Alabama,state-license---alabama
State License   All States,state-license---all-states
State License   California,state-license---california
State License   Ct,state-license---ct
State License   Florida,state-license---florida
State License   Georgia,state-license---georgia
State License   Illinois,state-license---illinois
State License   Michigan,state-license---michigan
State License   Multiple States,state-license---multiple-states
State License   Nebraska,state-license---nebraska
State License   Oklahoma,state-license---oklahoma
State License   Texas,state-license---texas
State License   Utah,state-license---utah
Trained Insurance Professional,trained-insurance-professional
Umbrella,umbrella
Us Commercial Trucking Insurance,us-commercial-trucking-insurance
Us Personal,us-personal
Watercraft,watercraft