Tool_Name,Category,Icon_URL
Salesforce,CRM,
BambooHR,HRIS,
QuickBooks,Finance,
Gusto,Payroll,
Asana,Project Management,
Slack,Communication,
Webex,Uncategorized,
CRM & Workflow Automation,Uncategorized,
Netsuite,Uncategorized,
Readymode,Uncategorized,
Zoom Workplace,Uncategorized,
HawkSoft,Uncategorized,
Zoom,Uncategorized,
Doctible,Uncategorized,
Microsoft,Uncategorized,
Geico & Progressive Portals,Uncategorized,
Ameritas Platform,Uncategorized,
SAE,Uncategorized,
Google Workspace,Uncategorized,
Lawmatics,Uncategorized,
Instagram & Facebook Ads,Uncategorized,
PL Rater,Uncategorized,
Genesys,Uncategorized,
Smokeball,Uncategorized,
Kixie,Uncategorized,
Excel Pivot Tables,Uncategorized,
Google Calendar,Uncategorized,
HubSpot,Uncategorized,
Calendly,Uncategorized,
VoIP phone,Uncategorized,
Applied Epic,Uncategorized,
Salesforce CRM,Uncategorized,
Progressive Portal,Uncategorized,
Word,Uncategorized,
Brevo,Uncategorized,
KW Command,Uncategorized,
Tableau,Uncategorized,
Insurance Carrier Portals,Uncategorized,
Citrix,Uncategorized,
Microsoft Office Suite,Uncategorized,
DocuSign,Uncategorized,
Ring Central,Uncategorized,
Buzzsprout,Uncategorized,
Hubspot,Uncategorized,
G-Suite,Uncategorized,
Outlook,Uncategorized,
Ekata,Uncategorized,
VS Connect,Uncategorized,
Juno,Uncategorized,
UnitedHealthcare Platform,Uncategorized,
Front,Uncategorized,
Vonage,Uncategorized,
Dotloop,Uncategorized,
Amazon Seller Central,Uncategorized,
CRM Platforms,Uncategorized,
PHR Websites,Uncategorized,
Opera Software,Uncategorized,
Zendesk,Uncategorized,
GoHighLevel,Uncategorized,
Oracle,Uncategorized,
Click up,Uncategorized,
Advanced Excel,Uncategorized,
Dialpad,Uncategorized,
Open Dental,Uncategorized,
HIPAA Compliance,Uncategorized,
Zoho,Uncategorized,
Avaya,Uncategorized,
Lightwave 3D Animation,Uncategorized,
Pega,Uncategorized,
PPC Management,Uncategorized,
EzLynx,Uncategorized,
RingCentrals,Uncategorized,
CRMs,Uncategorized,
CRM Systems,Uncategorized,
Nowcerts,Uncategorized,
AWS,Uncategorized,
Notion,Uncategorized,
Nowcerts CRM,Uncategorized,
Open Invoice,Uncategorized,
Power BI,Uncategorized,
Monday.com,Uncategorized,
Cloud Storage Platforms,Uncategorized,
OnQ Software,Uncategorized,
Sift,Uncategorized,
EZLynx,Uncategorized,
Ezylynx,Uncategorized,
Claim Wizard,Uncategorized,
Aircall,Uncategorized,
KV Core,Uncategorized,
Teams,Uncategorized,
Microsoft Office,Uncategorized,
Celigo,Uncategorized,
Smart Lookup,Uncategorized,
Rippling,Uncategorized,
Microsoft Excel (Advanced),Uncategorized,
SAP,Uncategorized,
Insurance & Financial Systems,Uncategorized,
HR Platforms,Uncategorized,
Nationwide Portal,Uncategorized,
CRM Tools,Uncategorized,
Google Suite,Uncategorized,
Microsft Office,Uncategorized,
OpenAI & Gemini,Uncategorized,
QuoteRush,Uncategorized,
Carrier Portals,Uncategorized,
Call Center Quality Monitoring Systems,Uncategorized,
MGA system,Uncategorized,
Adobe Suite &,Uncategorized,
Zheto,Uncategorized,
Canva,Uncategorized,
Genesis,Uncategorized,
AI Labschool Certified,Uncategorized,
